DROP DATABASE Real_Estate;
CREATE DATABASE Real_Estate;
USE Real_Estate;

CREATE TABLE District_Zone (
  Zone_Num INT PRIMARY KEY,
  Zone_Name VARCHAR(255) NOT NULL
);

CREATE TABLE Realtor(
  Agent_Num INT PRIMARY KEY,
  First_Name VARCHAR(255) NOT NULL,
  Last_Name VARCHAR(255) NOT NULL,
  Email VARCHAR(255),
  Phone_Num VARCHAR(20)
);
 
CREATE TABLE Property(
    TMK INT PRIMARY KEY,
    Asking_Price INT NOT NULL,
    Lava_Zone INT NOT NULL,
    HOA_Fees DOUBLE,
    Zipcode INT NOT NULL,
    City VARCHAR(255) NOT NULL,
    State VARCHAR(255) NOT NULL,
    Street_Num VARCHAR(255) NOT NULL,
    Street_Name VARCHAR(255) NOT NULL,
    Realtor_ID INT NOT NULL,
    District_Num INT NOT NULL,
    FOREIGN KEY (Realtor_ID) REFERENCES Realtor(Agent_Num),
    FOREIGN KEY (District_Num) REFERENCES District_Zone(Zone_Num)
);
 
CREATE TABLE House(
    TMK INT PRIMARY KEY,
    Num_Bedroom INT NOT NULL,
    Num_Bathroom INT NOT NULL,
    Acreage DOUBLE NOT NULL,
    Square_Footage DOUBLE NOT NULL
);
 
CREATE TABLE Condo(
    TMK INT PRIMARY KEY NOT NULL,
    Num_Bedroom INT NOT NULL,
    Num_Bathroom INT NOT NULL,
    Square_Footage DOUBLE NOT NULL,
    Apt_Num VARCHAR(255)
);
 
CREATE TABLE Empty_Lot(
    TMK INT PRIMARY KEY NOT NULL,
    Acreage DOUBLE NOT NULL
);
 
CREATE TABLE School(
    School_Code INT PRIMARY KEY,
    District_Zone INT NOT NULL,
    Grade_Level VARCHAR(255) NOT NULL,
    School_Name VARCHAR(255) NOT NULL,
    FOREIGN KEY (District_Zone) REFERENCES District_Zone(Zone_Num)
);
 
 
CREATE TABLE Assessment(
    Report_Num INT PRIMARY KEY,
    Year INT NOT NULL,
    Assessed_Value DOUBLE NOT NULL,
    Market_Value DOUBLE NOT NULL,
    Estimated_Property_Tax DOUBLE NOT NULL,
    TMK INT NOT NULL,
    FOREIGN KEY (TMK) REFERENCES Property(TMK)
);
 
CREATE TABLE Sale_Record(
    Transaction_ID INT PRIMARY KEY,
    Sale_Price DOUBLE NOT NULL,
    Year INT NOT NULL,
    TMK INT NOT NULL,
    FOREIGN KEY (TMK) REFERENCES Property(TMK)
);
 
CREATE TABLE Tax_Record(
    Record_ID INT PRIMARY KEY,
    Total_Taxable_Value DOUBLE NOT NULL,
    Year INT NOT NULL,
    TMK INT NOT NULL,
    FOREIGN KEY (TMK) REFERENCES Property(TMK)
);
 
#District Zone
INSERT INTO District_Zone(Zone_Num, Zone_Name)
VALUES(1,'Zone 1'),
	(2,'Zone 2'),
	(3,'Zone 3'),
    (4,'Zone 4'),
    (5,'Zone 5'),
    (6,'Zone 6'),
    (7,'Zone 7'),
    (8,'Zone 8'),
    (9,'Zone 9');

#School
INSERT INTO School(School_Code, District_Zone, Grade_Level, School_Name)
VALUES (351,2,'K-6','DeSilva Elem School'),
    (352,2,'K-6','Haaheo Elem School'),
    (355,2,'9-12','Hilo High School'),
    (356,2,'7-8','Hilo Inter School'),
    (357,2,'K-6','Hilo Union Elem School'),
    (358,8,'K-5','Holualoa Elem School'),
    (359,8,'K-5','Honaunau Elem School'),
    (361,4,'K-6','Honokaa Elem School'),
    (360,4,'7-12','Honokaa High & Inter School'),
    (363,8,'K-5','Hookena Elem School'),
    (371,7,'K-5','Kahakai Elem School'),
    (365,2,'K-8','Kalanianaole Elem & Inter'),
    (367,2,'K-6','Kapiolani Elem School'),
    (368,9,'K-12','Kau High & Pahala Elem School'),
    (369,2,'K-6','Kaumana Elem School'),
    (378,8,'K-12','Ke Kula O Ehunuikaimalino'),
    (353,1,'K-5','Keaau Elem School'),
    (354,1,'9-12','Keaau High School'),
    (370,1,'6-8','Keaau Middle School'),
    (388,7,'K-5','Kealakehe Elem School'),
    (392,7,'9-12','Kealakehe High School'),
    (390,7,'6-8','Kealakehe Inter School'),
    (372,2,'K-6','Keaukaha Elem School'),
    (391,1,'K-6','Keonepoko Elem School'),
    (395,5,'K-5','Kohala Elem School'),
    (373,5,'9-12','Kohala High School'),
    (366,5,'6-8','Kohala Middle School'),
    (375,7,'K-5','Konawaena Elem School'),
    (374,7,'9-12','Konawaena High School'),
    (376,7,'6-8','Konawaena Middle School'),
    (379,1,'K-5','Mountain View Elem School'),
    (380,9,'K-6','Naalehu Elem School'),
    (382,3,'K-9','Paauilo Elem & Inter School'),
    (381,1,'K-6','Pahoa Elem School'),
    (383,1,'7-12','Pahoa High & Inter School'),
    (384,2,'K-5','Waiakea Elem School'),
    (389,2,'9-12','Waiakea High School'),
    (385,2,'6-8','Waiakea Inter School'),
    (386,2,'K-5','Waiakeawaena Elem School'),
    (393,6,'K-8','Waikoloa School'),
    (387,4,'K-5','Waimea Elem School');


#Realtor
INSERT INTO Realtor(Agent_Num, First_Name, Last_Name, Email, Phone_Num)
VALUES
(1,'Ethan','Sick','Ethansick@gmail.com','808-345-2574'),
(2,'Bob','Fisher','Bobfisher@gmail.com','808-485-9945'),
(3,'John', 'Smith', 'Johnsmith@sbcglobal.net', '932-345-3454'),
(4,'Mattew', 'Gaylord', 'mattwithus@gmail.com', '808-532-3914'),
(5,'John', 'Smith', 'Johnsmith@gmail.com', '394-195-9258'),
(6,'John', 'Smith', 'Johnsmith1@gmail.com', '808-815-4094'),
(7,'Hu', 'Tao', 'Hutao@gmail.com', '808-235-1258'),
(8,'Amber', 'Honey', 'Amberhoney@gmail.com', '808-353-8275'),
(9,'Jean', 'Flower', 'Jeanflower@gmail.com', '808-632-8436'),
(10,'Diluc', 'Fire', 'Diluc@gmail.com', '808-285-6753');

#Property
INSERT INTO Property(TMK, Asking_Price, Lava_Zone, HOA_Fees, Zipcode, City, State, Street_Num, Street_Name, Realtor_ID, District_Num)
VALUES (527893,670000,9,NULL,96719,'Hawi','Hawaii','55-3516','NeePapa St',1,5),
	(523984,545000,9,272,96743,'Kamuela','Hawaii','59-1131','Kohala Ranch Rd',1,5),
	(519837,548000,9,NULL,96755,'Kapaau','Hawaii','53-3988','Akoni Pule Hwy',2,5),
	(634095,2345000,3,1053,96743,'Kamuela','Hawaii','66-84','Kaunaoa PI',1,6),
	(629389,2999000,8,330,96743,'Kamuela','Hawaii','59-121','Halekai PI',1,6),
	(623984,4850000,8,450,96743,'Kamuela','Hawaii','59-121','Kihi Kihi PI',10,6),
	(723842,845000,4,NULL,96740,'Kaliua Kona','Hawaii','73-4332','Imo PI',4,7),
	(723983,779000,4,NULL,96740,'Kaliua Kona','Hawaii','73-4594','Mamalahoa Hwy',5,7),
	(710384,12500000,4,1524,96740,'Place','Hawaii','73-4814','Ilima PI',10,7),
	(793843,769000,4,536,96740,'Kaliua Kona','Hawaii','75-5919','Alii Dr',6,7),
	(823942,970000,2,NULL,96704,'Captain Cook','Hawaii','81-1077','Captain Cook Rd',7,8),
	(893240,450000,2,NULL,96704,'Captain Cook','Hawaii','82-5788','Lower Napoopoo Rd',8,8),
	(854039,519000,2,104,96704,'Captain Cook','Hawaii','85-4480','Kapia Rd',9,8),
	(928734,250000,2,NULL,96704,'Ocean View','Hawaii','92-8536','King Kamehameha Blvd',3,9),
	(965743,649000,6,NULL,96772,'Naalehu','Hawaii','94-6273','Mamalahoa Hwy',3,9),
	(916842,240000,3,NULL,96777,'Pahala','Hawaii','96-3112','Pikake St',3,9),
	(193749,369000,3,NULL,96785,'Volcano','Hawaii','19-3937','Kilinoa St',4,1),
	(183750,498000,3,NULL,96749,'Keaau','Hawaii','15-1976','24th Ave',2,1),
	(143704,45000,3,NULL,96771,'Mountain View','Hawaii','16-2179','Uau Rd #5',3,1),
	(202394,215000,3,314,96720,'Hilo','Hawaii','270','Ululani St',4,2),
	(264950,180000,3,540,96720,'Hilo','Hawaii','33','Hualalai St',5,2),
	(284685,130000,3,450,96720,'Hilo','Hawaii','485','Waianuenue Ave',7,2),
	(334857,950000,8,NULL,96773,'Ninole','Hawaii','32-949','Hawaii Belt Rd',2,3),
	(397504,10900000,8,NULL,96780,'Papaaloa','Hawaii','34-1475','Hawaii Belt Rd',10,3),
	(483782,515000,8,NULL,96727,'Honokaa','Hawaii','45-557','Loke St',6,4),
	(420690,499000,8,NULL,96727,'Honokaa','Hawaii','45-3490','Old Mamalahoa Hwy',9,4),
	(494582,12500000,8,NULL,96727,'Honokaa','Hawaii','45-5038','Nanaina Kai Rd',1,4);

#Assessment
INSERT INTO Assessment(Report_Num, Year, Assessed_Value, Market_Value, Estimated_Property_Tax, TMK)
VALUES (246430,2017,282900,316200,1106,527893),
    (102919,2020,309100,360100,1275,527893),
    (517684,2021,318400,365000,1320,527893),
    (661817,2022,328000,426500,1368,527893),
    (45846,2020,280600,280600,1140,523984),
    (604780,2021,224500,224500,1236,523984),
    (403010,2022,314200,314200,1368,523984),
    (552608,2018,407300,407300,3517,519837),
    (114361,2019,442200,442200,4135,519837),
    (772023,2020,478800,478800,4477,519837),
    (889221,2021,486200,486200,4546,519837),
    (638628,2022,510100,510100,4769,519837),
    (827493,2019,364800,364800,4268,634095),
    (280387,2020,420900,420900,4925,634095),
    (115390,2021,1687800,1687800,19747,634095),
    (821753,2022,1722500,1722500,20153,634095),
    (392182,2020,254700,254700,7032,629389),
    (210768,2021,254700,254700,7212,629389),
    (535489,2022,334300,334300,7498,629389),
    (912626,2017,298600,366800,934,723842),
    (697936,2018,307600,371700,854,723842),
    (81212,2019,316800,415200,943,723842),
    (102406,2020,326300,439700,990,723842),
    (384012,2021,336100,466800,1039,723842),
    (847796,2022,525500,525500,5833,723842),
    (267311,2018,348200,348200,3812,723983),
    (686929,2019,357100,357100,3964,723983),
    (542147,2020,372800,372800,4138,723983),
    (537178,2021,393600,393600,4368,723983),
    (620153,2022,452600,452600,5153,723983),
    (806940,2018,5403200,5403200,60705,710384),
    (518237,2019,5403200,5403200,59976,710384),
    (495994,2020,5403200,5403200,59976,710384),
    (925197,2021,3782100,3782100,46437,710384),
    (747334,2022,4878900,4878900,61353,710384),
    (221306,2018,359400,359400,4249,793843),
    (50841,2019,396900,396900,4644,793843),
    (377245,2020,399200,399200,4671,793843),
    (271202,2021,419400,419400,4907,793843),
    (570069,2022,496100,496100,5804,793843),
    (68786,2020,194500,365900,2744,823942),
    (957169,2021,202500,376000,2820,823942),
    (716729,2022,232400,432000,3513,823942),
    (640347,2020,216800,216800,1008,893240),
    (994350,2021,219100,219100,1044,893240),
    (95135,2022,284700,284700,1128,893240),
    (845654,2020,350100,350100,1152,854039),
    (494855,2021,360100,360100,1212,854039),
    (92757,2022,400200,400200,1296,854039),
    (366126,2018,103100,103100,952,928734),
    (183981,2019,113400,113400,1060,928734),
    (88257,2020,149900,149900,1402,928734),
    (766208,2021,158300,158300,1480,928734),
    (495959,2022,180100,180100,1684,928734),
    (981486,2018,225600,225600,1941,965743),
    (499780,2019,229200,229200,636,965743),
    (426870,2020,236100,241600,670,965743),
    (564103,2021,243200,256400,582,965743),
    (61832,2022,250500,389500,617,965743),
    (531918,2021,33900,33900,173,916842),
    (2744,2022,114300,114300,1269,916842),
    (59803,2020,159100,170900,537,193749),
    (624873,2021,163900,169200,560,193749),
    (151491,2022,207700,207700,607,193749),
    (426515,2019,259600,296800,1031,183750),
    (544284,2020,267400,323200,1069,183750),
    (329151,2021,275400,330200,1109,183750),
    (101474,2022,283700,384500,1150,183750),
    (501852,2019,20400,20400,1093,143704),
    (949311,2020,20400,20400,574,143704),
    (844904,2021,18700,18700,592,143704),
    (43567,2022,31700,31700,609,143704),
    (54671,2018,89400,89400,1046,202394),
    (711683,2019,93400,93400,1093,202394),
    (381370,2020,93400,93400,574,202394),
    (820840,2021,96200,101500,592,202394),
    (742260,2022,99100,118400,609,202394),
    (939994,2020,104900,135500,645,264950),
    (554714,2021,116900,116900,664,264950),
    (55549,2022,98300,98300,1150,264950),
    (99137,2019,43600,55400,251,284685),
    (698101,2020,44900,55400,275,284685),
    (513708,2021,56200,56200,658,284685),
    (775279,2022,103000,103000,782,284685),
    (732696,2020,221100,413900,2148,334857),
    (597648,2021,204000,399800,2220,334857),
    (64011,2022,229400,479200,2376,334857),
    (251007,2020,9800000,9800000,26448,397504),
    (801488,2021,10400000,10400000,26964,397504),
    (215695,2022,10900000,10900000,27252,397504),
    (781404,2018,254100,254100,2742,483782),
    (760751,2019,282700,282700,3138,483782),
    (829531,2020,319600,319600,3548,483782),
    (975539,2021,339900,339900,3773,483782),
    (547685,2022,382200,382200,4242,483782),
    (17602,2020,251200,251200,1152,420690),
    (925325,2021,262500,262500,1188,420690),
    (572483,2022,310500,310500,1248,420690),
    (23433,2021,1049500,1565100,30746,494582),
    (455895,2022,1870800,1870800,30938,494582),
    (431124,2023,1926200,1926200,31248,494582);

#Condo
INSERT INTO Condo(TMK,Num_Bedroom,Num_Bathroom,Square_Footage, Apt_Num)
VALUES (634095,1,1,690,'C42'),
	(793843,2,2,1014,'APT J2'),
	(202394,1,1,520,'APT 3'),
	(264950,1,1,608,'APT 304'),
	(284685,2,1,695,'APT 220');

#Empty Lots
INSERT INTO Empty_Lot(TMK,Acreage)
VALUES (523984,10.97),
    (519837,7.92),
    (710384,0.993),
    (893240,1.715),
    (854039,5.025),
    (143704,3),
    (397504,1127.08),
    (420690,5.249);

#House
INSERT INTO House(TMK,Num_Bedroom,Num_Bathroom,Acreage,Square_Footage)
 VALUES (527893,3,2,0.211,1222),
    (629389,4,4,1,3836),
    (623984,4,4,0.45,3102),
    (723842,3,2,0.23,1294),
    (823942,3,2,2.14,1600),
    (928734,2,1,1,864),
    (965743,3,2,3,1088),
    (916842,3,1,0.16,1074),
    (193749,2,2,0.19,1064),
    (183750,4,3,1,2374),
    (334857,3,3,5.46,2380),
    (483782,3,2,0.26,1056),
    (494582,5,6,24.98,5988);

#Sale Records
INSERT INTO Sale_Record(Transaction_ID,Sale_Price,Year,TMK)
VALUES (57025,135000,2011,527893),
    (93028,24000,1997,519837),
    (42243,300000,2000,519837),
    (94520,4080000,2002,623984),
    (34337,545000,2005,623984),
    (96945,405000,2020,623984),
    (21163,158000,1995,723983),
    (4875,605000,2022,723983),
    (80699,549300,2005,793843),
    (36367,247000,2011,793843),
    (17807,480000,2021,793843),
    (92179,135000,1998,823942),
    (62719,145000,1999,823942),
    (80632,224000,2000,823942),
    (50134,655000,2018,823942),
    (25798,362500,2021,854039),
    (99671,105500,2003,928734),
    (77881,50000,2013,928734),
    (66546,150000,2019,928734),
    (86623,90000,1998,965743),
    (62341,120000,2004,193749),
    (92861,139000,2013,193749),
    (55733,46000,2001,143704),
    (32297,90000,2016,143704),
    (14105,63000,2003,264950),
    (12059,100000,2021,264950),
    (87570,14000,2002,284685),
    (34065,15000,2010,284685),
    (84831,33000,2015,284685),
    (41942,35000,2016,284685);

#Tax_Record
INSERT INTO Tax_Record(Record_ID,Total_Taxable_Value,Year,TMK)
VALUES (3692,186300,2017,527893),
    (53006,207300,2020,527893),
    (81312,214700,2021,527893),
    (43850,222400,2022,527893),
    (10201,280600,2020,523984),
    (21405,224500,2021,523984),
    (53456,314200,2022,523984),
    (14946,407300,2018,519837),
    (26332,442200,2019,519837),
    (64005,478800,2020,519837),
    (91941,486200,2021,519837),
    (58278,510100,2022,519837),
    (33901,364800,2019,634095),
    (92156,420900,2020,634095),
    (37087,1687800,2021,634095),
    (87759,1722500,2022,634095),
    (26732,334300,2022,629389),
    (52889,254700,2021,629389),
    (66522,254700,2020,629389),
    (35403,138900,2017,723842),
    (2896,146100,2018,723842),
    (80664,153400,2019,723842),
    (46793,161000,2020,723842),
    (86376,168900,2021,723842),
    (9513,525500,2022,723842),
    (43217,348200,2018,723983),
    (44712,357100,2019,723983),
    (54525,372800,2020,723983),
    (43980,393600,2021,723983),
    (72727,452600,2022,723983),
    (33730,5403200,2018,710384),
    (91000,5403200,2019,710384),
    (82116,5403200,2020,710384),
    (41363,3782100,2021,710384),
    (63379,4878900,2022,710384),
    (16478,359400,2018,793843),
    (22390,396900,2019,793843),
    (77118,399200,2020,793843),
    (79122,419400,2021,793843),
    (21235,496100,2022,793843),
    (34683,55600,2020,823942),
    (57371,62000,2021,823942),
    (75701,232400,2022,823942),
    (76954,216800,2020,893240),
    (72293,219100,2021,893240),
    (54391,284700,2022,893240),
    (70243,350100,2020,854039),
    (73203,360100,2021,854039),
    (31880,400200,2022,854039),
    (85764,103100,2018,928734),
    (70909,113400,2019,928734),
    (14428,149900,2020,928734),
    (92977,158300,2021,928734),
    (28094,180100,2022,928734),
    (64987,225600,2018,965743),
    (20304,103400,2019,965743),
    (82425,108900,2020,965743),
    (89417,94600,2021,965743),
    (59581,100400,2022,965743),
    (68050,33900,2021,916842),
    (99493,114300,2022,916842),
    (89276,87300,2020,193749),
    (79662,91100,2021,193749),
    (91308,207700,2022,193749),
    (41887,167700,2019,183750),
    (54820,173900,2020,183750),
    (70790,180300,2021,183750),
    (11685,187000,2022,183750),
    (45996,31700,2022,143704),
    (95143,20400,2019,143704),
    (13689,20400,2020,143704),
    (13024,18700,2021,143704),
    (23497,31700,2022,143704),
    (49756,84900,2018,202394),
    (41307,93400,2019,202394),
    (37275,93400,2020,202394),
    (39521,96200,2021,202394),
    (57849,99100,2022,202394),
    (1685,104900,2020,264950),
    (8367,116900,2021,264950),
    (95806,98300,2022,264950),
    (90050,43600,2019,284685),
    (13082,44900,2020,284685),
    (40861,56200,2021,284685),
    (92991,103000,2022,284685),
    (10520,221100,2020,334857),
    (63908,204000,2021,334857),
    (58124,229400,2022,334857),
    (32492,254100,2018,483782),
    (54090,282700,2019,483782),
    (23107,319600,2020,483782),
    (61478,339900,2021,483782),
    (98174,382200,2022,483782),
    (2425,251200,2020,420690),
    (84338,262500,2021,420690),
    (7871,310500,2022,420690),
    (62859,1049500,2021,494582),
    (6622,1710800,2022,494582),
    (42899,1741200,2023,494582),
    (17415,9800000,2020,397504),
    (91811,10400000,2021,397504),
    (60938,10900000,2022,397504);